{"cameraMode":{"drawMode":0,"name":"Shaded","section":"Shading Mode"},"sceneLighting":false,"audioPlay":false,"sceneViewState":{"showFog":true,"showMaterialUpdate":true,"showSkybox":true,"showFlares":true,"showImageEffects":true,"showParticleSystems":true},"in2DMode":false,"pivot":{"x":0.071044921875,"y":-5583.04736328125,"z":57.05072784423828},"rotation":{"x":0.5187268853187561,"y":0.11014575511217118,"z":-0.06760646402835846,"w":0.8451166152954102},"size":17.5347957611084,"orthographic":true}